<?xml version="1.0"?>
<metadata xml:lang="en">
	<mdLang>
		<languageCode value="en"/>
	</mdLang>
	<mdHrLv>
		<ScopeCd value="005"/>
	</mdHrLv>
	<mdStanName>ArcGIS Metadata</mdStanName>
	<mdStanVer>1.0</mdStanVer>
	<dataIdInfo>
		<envirDesc>Microsoft Windows Server 2003 Version 5.2 (Build 3790) Service Pack 2; ESRI ArcGIS 10.0.0.2414</envirDesc>
		<dataLang>
			<languageCode value="en" country="US"/>
			<countryCode value="eng"/>
		</dataLang>
		<idCitation>
			<resTitle>Pub_access_ALL_8_17_11</resTitle>
			<presForm>
				<PresFormCd value="005"/>
			</presForm>
		</idCitation>
		<descKeys>
			<thesaName uuidref="723f6998-058e-11dc-8314-0800200c9a66"/>
			<keyword>002</keyword>
		</descKeys>
		<otherKeys>
			<thesaName uuidref="723f6998-058e-11dc-8314-0800200c9a66"/>
			<keyword>002</keyword>
		</otherKeys>
		<spatRpType>
			<SpatRepTypCd value="001"/>
		</spatRpType>
		<dataExt>
			<geoEle>
				<GeoBndBox esriExtentType="search">
					<westBL>-79.989345</westBL>
					<eastBL>-74.942363</eastBL>
					<northBL>42.556523</northBL>
					<southBL>36.725000</southBL>
					<exTypeCode>1</exTypeCode>
				</GeoBndBox>
			</geoEle>
		</dataExt>
		<searchKeys>
			<keyword>002</keyword>
		</searchKeys>
		<idPurp>Public Access Sites 2011 represents those locations that provide public water access opportunities along the tidal shoreline of the Chesapeake Bay and its tributaries and along non-tidal waterways of stream order 5 or greater. It represents an update to the Chesapeake Bay Program's public access data base. The 2011 data was collected, in part, to establish a baseline against which the President's Executive Order Strategy Outcome of establishing 300 new sites by 2025 could be tracked.</idPurp>
		<idAbs>&lt;DIV STYLE="text-align:Left;"&gt;&lt;DIV&gt;&lt;DIV&gt;&lt;P&gt;&lt;SPAN&gt;&lt;SPAN&gt;There are four categories of public access: boating access, swimming (beach) access, fishing access, and natural area or trail access. The 2011 data relects an update to the 2009 public access data base. The states of Pennsylvania, New York, Delaware, Maryland, Virginia, West Virginia and the District of Columbia were invited to provide updated data to the Chesapeake Bay Program (CBP) during December 2010 - June 2011. This data set represents the best available public access data from CBP and states from this time period. The public access baseline was incoporated into the Chesapeake Bay Public Access planning process and made available for public comment in June-July 2011.&lt;/SPAN&gt;&lt;/SPAN&gt;&lt;/P&gt;&lt;/DIV&gt;&lt;/DIV&gt;&lt;/DIV&gt;</idAbs>
		<resConst>
			<Consts>
				<useLimit>Although these data have been processed successfully on a computer system at the Chesapeake Bay Program, no warranty expressed or implied is made regarding the accuracy or utility of the data on any other system or for general or scientific purposes, nor shall the act of distribution constitute such warranty. This disclaimer applies both to individual us of the data and aggregate use with other data. It is strongly recommended that careful attention be paid to cntents of the metadata file associated with these data. The Chesapeake Bay Program shall not be held liable for improper use of the data described and/or contained herein.</useLimit>
			</Consts>
		</resConst>
		<dataChar>
			<CharSetCd value="004"/>
		</dataChar>
		<resMaint>
			<maintFreq>
				<MaintFreqCd value="009"/>
			</maintFreq>
			<maintScp>
				<ScopeCd value="005"/>
			</maintScp>
		</resMaint>
	</dataIdInfo>
	<distInfo>
		<distFormat>
			<formatName>File Geodatabase Feature Class</formatName>
		</distFormat>
		<distFormat>
			<formatName>Shapefile</formatName>
		</distFormat>
		<distTranOps><transSize>0.009</transSize></distTranOps></distInfo>
	<mdHrLvName>dataset</mdHrLvName>
	<refSysInfo>
		<RefSystem>
			<refSysID>
				<identCode code="102113"/>
				<idCodeSpace>ESRI</idCodeSpace>
				<idVersion>10.0.0</idVersion>
			</refSysID>
		</RefSystem>
	</refSysInfo>
	<spatRepInfo>
		<VectSpatRep>
			<topLvl>
				<TopoLevCd value="001"/>
			</topLvl>
			<geometObjs>
				<geoObjTyp>
					<GeoObjTypCd value="004"/>
					<geoObjCnt>1122</geoObjCnt>
				</geoObjTyp>
			</geometObjs>
		</VectSpatRep>
	</spatRepInfo>
	<eainfo>
		<detailed>
			<enttyp>
				<enttypl>Pub_access_ALL_8_17_11</enttypl>
			</enttyp>
			<attr><attrlabl>FID</attrlabl><attrdef>Internal feature number.</attrdef><attrdefs>ESRI</attrdefs><attrdomv><udom>Sequential unique whole numbers that are automatically generated.</udom></attrdomv></attr><attr>
				<attrlabl>Shape</attrlabl>
				<attrdef>Feature geometry.</attrdef>
				<attrdefs>ESRI</attrdefs>
				<attrdomv>
					<udom>Coordinates defining the features.</udom>
				</attrdomv>
			</attr>
			<attr>
				<attrlabl>State</attrlabl>
			</attr>
			<attr>
				<attrlabl>County</attrlabl>
			</attr>
			<attr>
				<attrlabl>Site_Name</attrlabl>
			</attr>
			<attr>
				<attrlabl>Water_Body</attrlabl>
				<attrdef>Name of water body along which site is located</attrdef>
			</attr>
			<attr>
				<attrlabl>Latitude</attrlabl>
			</attr>
			<attr>
				<attrlabl>Longitude</attrlabl>
			</attr>
			<attr>
				<attrlabl>Boat</attrlabl>
				<attrdef>Availability of boating access opportunities</attrdef>
				<attrdomv>
					<edom>
						<edomv>Y</edomv>
						<edomvd>Yes</edomvd>
					</edom>
				</attrdomv>
				<attrdomv>
					<edom>
						<edomv>N</edomv>
						<edomvd>No</edomvd>
					</edom>
				</attrdomv>
			</attr>
			<attr>
				<attrlabl>Fish</attrlabl>
				<attrdef>Availability of fishing access opportunities</attrdef>
				<attrdomv>
					<edom>
						<edomv>Y</edomv>
						<edomvd>Yes</edomvd>
					</edom>
				</attrdomv>
				<attrdomv>
					<edom>
						<edomv>N</edomv>
						<edomvd>No</edomvd>
					</edom>
				</attrdomv>
			</attr>
			<attr>
				<attrlabl>Swim</attrlabl>
				<attrdef>Availability of swimming access opportunities</attrdef>
				<attrdomv>
					<edom>
						<edomv>Y</edomv>
						<edomvd>Yes</edomvd>
					</edom>
				</attrdomv>
				<attrdomv>
					<edom>
						<edomv>N</edomv>
						<edomvd>No</edomvd>
					</edom>
				</attrdomv>
			</attr>
			<attr>
				<attrlabl>Trail</attrlabl>
				<attrdef>Availability of trail or natural area access</attrdef>
				<attrdomv>
					<edom>
						<edomv>Y</edomv>
						<edomvd>Yes</edomvd>
					</edom>
				</attrdomv>
				<attrdomv>
					<edom>
						<edomv>N</edomv>
						<edomvd>No</edomvd>
					</edom>
				</attrdomv>
			</attr>
			<attr>
				<attrlabl>Restroom</attrlabl>
				<attrdef>Availability of public restroom facilities</attrdef>
				<attrdomv>
					<edom>
						<edomv>Y</edomv>
						<edomvd>Yes</edomvd>
					</edom>
				</attrdomv>
				<attrdomv>
					<edom>
						<edomv>N</edomv>
						<edomvd>No</edomvd>
					</edom>
				</attrdomv>
			</attr>
			<attr>
				<attrlabl>Parking</attrlabl>
			</attr>
			<attr>
				<attrlabl>Comments</attrlabl>
			</attr>
			<attr>
				<attrlabl>Ownership</attrlabl>
			</attr>
		</detailed>
	</eainfo>
	<mdDateSt>20110928</mdDateSt>
	<mdChar>
		<CharSetCd value="004"/>
	</mdChar>
	<mdContact>
		<rpIndName>John Wolf</rpIndName>
		<rpOrgName>US Geological Survey</rpOrgName>
		<rpPosName>GIS Team Leader</rpPosName>
		<rpCntInfo>
			<cntAddress>
				<delPoint>410 Severn Ave., Suite 112</delPoint>
				<city>Annapolis</city>
				<adminArea>Maryland</adminArea>
				<postCode>21403</postCode>
				<eMailAdd>jwolf@chesapeakebay.net</eMailAdd>
				<country>USA</country>
			</cntAddress>
			<cntPhone>
				<voiceNum>410-267-5739</voiceNum>
				<faxNum>410-267-5777</faxNum>
			</cntPhone>
		</rpCntInfo>
		<role>
			<RoleCd value="011"/>
		</role>
	</mdContact>
	<spdoinfo><ptvctinf/></spdoinfo><Esri><CreaDate>20150216</CreaDate><CreaTime>13540700</CreaTime><ArcGISFormat>1.0</ArcGISFormat><SyncOnce>TRUE</SyncOnce></Esri></metadata>
